issue_id,pipeline_run_id,source_table,source_record_id,field_name,rule_code,severity,raw_value,message,created_at
d7a65c4d-7aff-59e9-9514-19d4a007153b,57ec45a1-9a06-4385-9e42-2d255db54746,dim_company,08256776-704b-50e0-92ce-c74e516f9c80,stock_ticker,PUBLIC_COMPANY_WITHOUT_TICKER,WARNING,,public company has no ticker in source metadata,2026-08-30T10:44:17.634980+00:00
904cfa8a-e572-5240-aa63-35e0d389d9f9,57ec45a1-9a06-4385-9e42-2d255db54746,dim_company,5ed089c3-b138-5004-b73c-fbfc8d07c0ca,stock_ticker,PRIVATE_COMPANY_WITH_TICKER,WARNING,OPEN,private company has a ticker in source metadata,2026-08-30T10:44:17.634980+00:00
a8ffd27c-5c82-5741-8d3d-dbfb0c57c522,57ec45a1-9a06-4385-9e42-2d255db54746,dim_company,6e09eb1e-79ed-5163-8702-a611f7c20c68,stock_ticker,PUBLIC_COMPANY_WITHOUT_TICKER,WARNING,,public company has no ticker in source metadata,2026-08-30T10:44:17.634980+00:00
21a742e1-a8d5-56b7-9f9d-dae61cc36acc,57ec45a1-9a06-4385-9e42-2d255db54746,dim_company,771af71e-0eea-5ae0-9aff-9a0609ace44a,stock_ticker,PRIVATE_COMPANY_WITH_TICKER,WARNING,UBER,private company has a ticker in source metadata,2026-08-30T10:44:17.634980+00:00
58d13f8d-aaa8-5ee6-8584-670724f0a7d7,57ec45a1-9a06-4385-9e42-2d255db54746,dim_company,9b997e26-b47f-511c-b401-d9b3a6ac9c4f,stock_ticker,PRIVATE_COMPANY_WITH_TICKER,WARNING,MONG,private company has a ticker in source metadata,2026-08-30T10:44:17.634980+00:00
add82e15-7464-5ac4-837a-fe78d85813d8,57ec45a1-9a06-4385-9e42-2d255db54746,dim_company,9d4d58c5-91bd-5317-85a0-a0cd048740af,stock_ticker,PUBLIC_COMPANY_WITHOUT_TICKER,WARNING,,public company has no ticker in source metadata,2026-08-30T10:44:17.634980+00:00
54e9476c-9411-55d0-aaf0-6c0bb4aafd4e,57ec45a1-9a06-4385-9e42-2d255db54746,dim_company,bd719dfe-542a-55b1-b391-b5ab6875b1e2,stock_ticker,PUBLIC_COMPANY_WITHOUT_TICKER,WARNING,,public company has no ticker in source metadata,2026-08-30T10:44:17.634980+00:00
12cdf68e-4c42-5b40-abbb-05cb56a29137,57ec45a1-9a06-4385-9e42-2d255db54746,dim_company,dd92adee-a175-5086-8ee3-31cafbbd4d9a,stock_ticker,PRIVATE_COMPANY_WITH_TICKER,WARNING,CLOU,private company has a ticker in source metadata,2026-08-30T10:44:17.634980+00:00
c638af19-0ede-5a41-8ccc-5fddde602b0b,57ec45a1-9a06-4385-9e42-2d255db54746,dim_company,fa848049-e1a2-57f0-935a-4d48dcaddc61,stock_ticker,PUBLIC_COMPANY_WITHOUT_TICKER,WARNING,,public company has no ticker in source metadata,2026-08-30T10:44:17.634980+00:00
1119a436-9374-5147-9c60-286e4d9a8228,57ec45a1-9a06-4385-9e42-2d255db54746,fact_article,ART0001,revenue_raw,ARR_MISSING,INFO,,missing revenue,2026-08-30T10:44:17.634980+00:00
33b2345b-9a3d-50c9-a4c0-23b29f3adbd3,57ec45a1-9a06-4385-9e42-2d255db54746,fact_article,ART0003,revenue_raw,ARR_MISSING,INFO,,missing revenue,2026-08-30T10:44:17.634980+00:00
5ba02870-41ab-5400-a0b3-3a5440a16562,57ec45a1-9a06-4385-9e42-2d255db54746,fact_article,ART0005,revenue_raw,ARR_UNDISCLOSED,INFO,Not disclosed,revenue not disclosed,2026-08-30T10:44:17.634980+00:00
17683a66-74ba-540d-a6e3-0d326d3feff1,57ec45a1-9a06-4385-9e42-2d255db54746,fact_article,ART0008,revenue_raw,ARR_MISSING,INFO,,missing revenue,2026-08-30T10:44:17.634980+00:00
f3ffcd78-fa7b-5866-b1fb-2a92c821cc40,57ec45a1-9a06-4385-9e42-2d255db54746,fact_article,ART0012,revenue_raw,ARR_MISSING,INFO,N/A,missing revenue,2026-08-30T10:44:17.634980+00:00
84aa6e20-4999-57b2-8f46-85059ee4b2f3,57ec45a1-9a06-4385-9e42-2d255db54746,fact_article,ART0018,revenue_raw,ARR_MISSING,INFO,,missing revenue,2026-08-30T10:44:17.634980+00:00
843fecac-334f-5ec1-a492-54dd2dbaa97c,57ec45a1-9a06-4385-9e42-2d255db54746,fact_article,ART0025,revenue_raw,ARR_UNDISCLOSED,INFO,Not disclosed,revenue not disclosed,2026-08-30T10:44:17.634980+00:00
d96ac785-9618-511b-a28a-b44c708985bd,57ec45a1-9a06-4385-9e42-2d255db54746,fact_article,ART0026,revenue_raw,ARR_UNDISCLOSED,INFO,Not disclosed,revenue not disclosed,2026-08-30T10:44:17.634980+00:00
81339372-e7cd-5660-9ba1-f81cebbed068,57ec45a1-9a06-4385-9e42-2d255db54746,fact_article,ART0027,revenue_raw,ARR_MISSING,INFO,,missing revenue,2026-08-30T10:44:17.634980+00:00
b0527044-1510-5a36-8c0a-b0527046998c,57ec45a1-9a06-4385-9e42-2d255db54746,fact_article,ART0030,revenue_raw,ARR_UNDISCLOSED,INFO,Not disclosed,revenue not disclosed,2026-08-30T10:44:17.634980+00:00
6b98817d-40f3-551f-8dfa-aa52456ec0d5,57ec45a1-9a06-4385-9e42-2d255db54746,fact_article,ART0032,revenue_raw,ARR_UNDISCLOSED,INFO,Not disclosed,revenue not disclosed,2026-08-30T10:44:17.634980+00:00
06684a3b-123f-51f4-8b0f-69ad240a06f0,57ec45a1-9a06-4385-9e42-2d255db54746,fact_article,ART0035,revenue_raw,ARR_MISSING,INFO,N/A,missing revenue,2026-08-30T10:44:17.634980+00:00
2a1f6321-8ca5-57b3-b248-726cad3200c7,57ec45a1-9a06-4385-9e42-2d255db54746,fact_article,ART0035,published_date_raw,DATE_AMBIGUOUS_POLICY_APPLIED,INFO,04/04/2020,ambiguous numeric date interpreted as MM/DD/YYYY,2026-08-30T10:44:17.634980+00:00
0b3e9609-f675-53f1-9761-840b13d0a719,57ec45a1-9a06-4385-9e42-2d255db54746,fact_article,ART0037,revenue_raw,ARR_UNDISCLOSED,INFO,Not disclosed,revenue not disclosed,2026-08-30T10:44:17.634980+00:00
3ead0927-c383-54e9-a695-6edf1eb8691b,57ec45a1-9a06-4385-9e42-2d255db54746,fact_article,ART0042,revenue_raw,ARR_MISSING,INFO,N/A,missing revenue,2026-08-30T10:44:17.634980+00:00
e4d19bc6-0948-5dc7-9c4e-619b0cca59ee,57ec45a1-9a06-4385-9e42-2d255db54746,fact_article,ART0043,revenue_raw,ARR_UNDISCLOSED,INFO,Not disclosed,revenue not disclosed,2026-08-30T10:44:17.634980+00:00
485aa0d6-4990-559e-b649-8b74fb46753f,57ec45a1-9a06-4385-9e42-2d255db54746,fact_article,ART0044,revenue_raw,ARR_UNDISCLOSED,INFO,Not disclosed,revenue not disclosed,2026-08-30T10:44:17.634980+00:00
86bc9929-d6ef-5f8d-ae86-69c22c8d2e45,57ec45a1-9a06-4385-9e42-2d255db54746,fact_article,ART0047,revenue_raw,ARR_UNDISCLOSED,INFO,Not disclosed,revenue not disclosed,2026-08-30T10:44:17.634980+00:00
8fbb7755-2cf6-5798-9c1a-1b70e2a415bd,57ec45a1-9a06-4385-9e42-2d255db54746,fact_article,ART0048,revenue_raw,ARR_MISSING,INFO,,missing revenue,2026-08-30T10:44:17.634980+00:00
588739dc-6da1-58aa-bbdb-48d1a22232a1,57ec45a1-9a06-4385-9e42-2d255db54746,fact_article,ART0050,revenue_raw,ARR_UNDISCLOSED,INFO,Not disclosed,revenue not disclosed,2026-08-30T10:44:17.634980+00:00
3896ac75-d920-5126-b5a7-033b98948857,57ec45a1-9a06-4385-9e42-2d255db54746,fact_article,ART0052,revenue_raw,ARR_UNDISCLOSED,INFO,Not disclosed,revenue not disclosed,2026-08-30T10:44:17.634980+00:00
dfbedbfd-fece-5c39-80db-ec6e9c6469ff,57ec45a1-9a06-4385-9e42-2d255db54746,fact_article,ART0057,revenue_raw,ARR_UNDISCLOSED,INFO,Not disclosed,revenue not disclosed,2026-08-30T10:44:17.634980+00:00
cb7d1b99-ce5e-58ba-ba34-7a91721572b4,57ec45a1-9a06-4385-9e42-2d255db54746,fact_article,ART0058,published_date_raw,DATE_AMBIGUOUS_POLICY_APPLIED,INFO,07/05/2023,ambiguous numeric date interpreted as MM/DD/YYYY,2026-08-30T10:44:17.634980+00:00
52ad1772-c9db-5c5c-8cff-ba81304adce9,57ec45a1-9a06-4385-9e42-2d255db54746,fact_article,ART0062,revenue_raw,ARR_MISSING,INFO,,missing revenue,2026-08-30T10:44:17.634980+00:00
be143244-836c-5b40-b54e-f942a42fc04b,57ec45a1-9a06-4385-9e42-2d255db54746,fact_article,ART0062,published_date_raw,DATE_AMBIGUOUS_POLICY_APPLIED,INFO,07/06/2020,ambiguous numeric date interpreted as MM/DD/YYYY,2026-08-30T10:44:17.634980+00:00
ac7d61ee-e7df-5f5c-8220-abe50243bc0c,57ec45a1-9a06-4385-9e42-2d255db54746,fact_article,ART0063,revenue_raw,ARR_MISSING,INFO,,missing revenue,2026-08-30T10:44:17.634980+00:00
96783bb7-f64f-5357-b5de-026a34aaf841,57ec45a1-9a06-4385-9e42-2d255db54746,fact_article,ART0064,revenue_raw,ARR_MISSING,INFO,,missing revenue,2026-08-30T10:44:17.634980+00:00
ba1e1219-9dc3-5301-a2bd-086549b41ac3,57ec45a1-9a06-4385-9e42-2d255db54746,fact_article,ART0065,revenue_raw,ARR_MISSING,INFO,,missing revenue,2026-08-30T10:44:17.634980+00:00
f2ddd342-c3ee-54d9-ab85-52980b8c3973,57ec45a1-9a06-4385-9e42-2d255db54746,fact_article,ART0067,revenue_raw,ARR_MISSING,INFO,N/A,missing revenue,2026-08-30T10:44:17.634980+00:00
02251aac-dd06-51df-8189-8614026b4014,57ec45a1-9a06-4385-9e42-2d255db54746,fact_article,ART0076,revenue_raw,ARR_UNDISCLOSED,INFO,Not disclosed,revenue not disclosed,2026-08-30T10:44:17.634980+00:00
3294fc6f-8fe4-55f2-a9b2-c60cc0fce3d9,57ec45a1-9a06-4385-9e42-2d255db54746,fact_article,ART0081,published_date_raw,DATE_AMBIGUOUS_POLICY_APPLIED,INFO,06/03/2020,ambiguous numeric date interpreted as MM/DD/YYYY,2026-08-30T10:44:17.634980+00:00
4f12b546-a7e2-5d19-a3e5-896f97be180d,57ec45a1-9a06-4385-9e42-2d255db54746,fact_article,ART0083,revenue_raw,ARR_MISSING,INFO,,missing revenue,2026-08-30T10:44:17.634980+00:00
38d8015b-1b22-5fcf-af4f-55f77fa88059,57ec45a1-9a06-4385-9e42-2d255db54746,fact_article,ART0084,revenue_raw,ARR_MISSING,INFO,N/A,missing revenue,2026-08-30T10:44:17.634980+00:00
4819869e-91f4-59f9-b4f3-900a2970547b,57ec45a1-9a06-4385-9e42-2d255db54746,fact_article,ART0087,published_date_raw,DATE_AMBIGUOUS_POLICY_APPLIED,INFO,02/09/2023,ambiguous numeric date interpreted as MM/DD/YYYY,2026-08-30T10:44:17.634980+00:00
2f30e3d7-27ce-5842-976f-96732c3e1f4d,57ec45a1-9a06-4385-9e42-2d255db54746,fact_article,ART0089,revenue_raw,ARR_MISSING,INFO,,missing revenue,2026-08-30T10:44:17.634980+00:00
9f389473-06a2-5f02-bc69-c43ae338dd3e,57ec45a1-9a06-4385-9e42-2d255db54746,fact_article,ART0092,revenue_raw,ARR_UNDISCLOSED,INFO,Not disclosed,revenue not disclosed,2026-08-30T10:44:17.634980+00:00
67298b37-4eed-5e1a-a331-34b4f4b7e930,57ec45a1-9a06-4385-9e42-2d255db54746,fact_article,ART0095,revenue_raw,ARR_UNDISCLOSED,INFO,Not disclosed,revenue not disclosed,2026-08-30T10:44:17.634980+00:00
8ce904e3-9dbd-5916-ade2-eddce504c581,57ec45a1-9a06-4385-9e42-2d255db54746,fact_article,ART0098,revenue_raw,ARR_UNDISCLOSED,INFO,Not disclosed,revenue not disclosed,2026-08-30T10:44:17.634980+00:00
9b45f9d7-b490-5e9d-aedc-52d05c9715b5,57ec45a1-9a06-4385-9e42-2d255db54746,fact_article,ART0103,revenue_raw,ARR_MISSING,INFO,,missing revenue,2026-08-30T10:44:17.634980+00:00
6b519608-97e6-5739-b251-ebe30ca708e7,57ec45a1-9a06-4385-9e42-2d255db54746,fact_article,ART0105,revenue_raw,ARR_MISSING,INFO,,missing revenue,2026-08-30T10:44:17.634980+00:00
c4e20625-f376-51b6-b0bf-5b822e2763a5,57ec45a1-9a06-4385-9e42-2d255db54746,fact_article,ART0106,revenue_raw,ARR_UNDISCLOSED,INFO,Not disclosed,revenue not disclosed,2026-08-30T10:44:17.634980+00:00
3a13df56-184d-52f2-90e1-2bbf49c2071d,57ec45a1-9a06-4385-9e42-2d255db54746,fact_article,ART0107,revenue_raw,ARR_MISSING,INFO,,missing revenue,2026-08-30T10:44:17.634980+00:00
25168784-0fa4-5da7-8079-a10418fc8dcd,57ec45a1-9a06-4385-9e42-2d255db54746,fact_article,ART0110,revenue_raw,ARR_UNDISCLOSED,INFO,Not disclosed,revenue not disclosed,2026-08-30T10:44:17.634980+00:00
c561d287-1aaf-52bb-9c92-7ccb965c1e57,57ec45a1-9a06-4385-9e42-2d255db54746,fact_article,ART0111,revenue_raw,ARR_UNDISCLOSED,INFO,Not disclosed,revenue not disclosed,2026-08-30T10:44:17.634980+00:00
9d5519b2-9c98-5382-9854-2829123e9f03,57ec45a1-9a06-4385-9e42-2d255db54746,fact_article,ART0123,revenue_raw,ARR_MISSING,INFO,,missing revenue,2026-08-30T10:44:17.634980+00:00
d4dcc0e3-c7df-51b6-8d3a-74c4d4255ecb,57ec45a1-9a06-4385-9e42-2d255db54746,fact_article,ART0123,published_date_raw,DATE_AMBIGUOUS_POLICY_APPLIED,INFO,11/11/2021,ambiguous numeric date interpreted as MM/DD/YYYY,2026-08-30T10:44:17.634980+00:00
3da76d8b-c5c4-5933-aa68-9cbe0bdcaaf3,57ec45a1-9a06-4385-9e42-2d255db54746,fact_article,ART0125,revenue_raw,ARR_UNDISCLOSED,INFO,Not disclosed,revenue not disclosed,2026-08-30T10:44:17.634980+00:00
0b39b8e6-2cc4-5aa7-bc6b-7cc21a9b43ed,57ec45a1-9a06-4385-9e42-2d255db54746,fact_article,ART0127,revenue_raw,ARR_MISSING,INFO,,missing revenue,2026-08-30T10:44:17.634980+00:00
f21ba28f-fbbd-5bdb-a2a1-4d9002066a1d,57ec45a1-9a06-4385-9e42-2d255db54746,fact_article,ART0134,revenue_raw,ARR_MISSING,INFO,,missing revenue,2026-08-30T10:44:17.634980+00:00
09d1708b-69a1-57c4-9057-9135a40d9020,57ec45a1-9a06-4385-9e42-2d255db54746,fact_article,ART0135,revenue_raw,ARR_MISSING,INFO,,missing revenue,2026-08-30T10:44:17.634980+00:00
6ebd3a72-9d7d-533e-b1df-8b68e31aaf83,57ec45a1-9a06-4385-9e42-2d255db54746,fact_article,ART0136,revenue_raw,ARR_UNDISCLOSED,INFO,Not disclosed,revenue not disclosed,2026-08-30T10:44:17.634980+00:00
556ee1a5-4607-5d4f-84de-1ecc9d3d63a9,57ec45a1-9a06-4385-9e42-2d255db54746,fact_article,ART0139,revenue_raw,ARR_MISSING,INFO,N/A,missing revenue,2026-08-30T10:44:17.634980+00:00
8f765d6d-7e91-5d86-8272-3a55f39368cc,57ec45a1-9a06-4385-9e42-2d255db54746,fact_article,ART0140,revenue_raw,ARR_MISSING,INFO,,missing revenue,2026-08-30T10:44:17.634980+00:00
340e423a-fb7c-52d1-a8d6-8073e4273ef4,57ec45a1-9a06-4385-9e42-2d255db54746,fact_article,ART0143,revenue_raw,ARR_UNDISCLOSED,INFO,Not disclosed,revenue not disclosed,2026-08-30T10:44:17.634980+00:00
ce512ecc-446a-54d4-9264-20af08e20ddd,57ec45a1-9a06-4385-9e42-2d255db54746,fact_article,ART0145,revenue_raw,ARR_UNDISCLOSED,INFO,Not disclosed,revenue not disclosed,2026-08-30T10:44:17.634980+00:00
c3a3f033-e48f-545b-88a3-d6788ed749c2,57ec45a1-9a06-4385-9e42-2d255db54746,fact_article,ART0146,revenue_raw,ARR_UNDISCLOSED,INFO,Not disclosed,revenue not disclosed,2026-08-30T10:44:17.634980+00:00
9910af42-044f-5ad5-bce9-e0166ce886d6,57ec45a1-9a06-4385-9e42-2d255db54746,fact_article,ART0148,revenue_raw,ARR_MISSING,INFO,N/A,missing revenue,2026-08-30T10:44:17.634980+00:00
1f31bf7f-c677-52ae-b016-9d2acadefaa6,57ec45a1-9a06-4385-9e42-2d255db54746,fact_article,ART0150,revenue_raw,ARR_UNDISCLOSED,INFO,Not disclosed,revenue not disclosed,2026-08-30T10:44:17.634980+00:00
87b6b5a4-dcb0-537c-a7df-d041dab225fa,57ec45a1-9a06-4385-9e42-2d255db54746,fact_article,ART0151,revenue_raw,ARR_UNDISCLOSED,INFO,Not disclosed,revenue not disclosed,2026-08-30T10:44:17.634980+00:00
f7555931-c755-509e-ad24-9ff30ccbc75a,57ec45a1-9a06-4385-9e42-2d255db54746,fact_article,ART0152,revenue_raw,ARR_UNDISCLOSED,INFO,Not disclosed,revenue not disclosed,2026-08-30T10:44:17.634980+00:00
979d1f53-bb2a-55e3-84bb-68768539bc36,57ec45a1-9a06-4385-9e42-2d255db54746,fact_article,ART0153,revenue_raw,ARR_UNDISCLOSED,INFO,Not disclosed,revenue not disclosed,2026-08-30T10:44:17.634980+00:00
01c9384c-02ac-52a1-88a0-9127a284ef66,57ec45a1-9a06-4385-9e42-2d255db54746,fact_article,ART0154,revenue_raw,ARR_UNDISCLOSED,INFO,Not disclosed,revenue not disclosed,2026-08-30T10:44:17.634980+00:00
0aa68d12-e021-5514-b60e-f4a838ff6bf5,57ec45a1-9a06-4385-9e42-2d255db54746,fact_article,ART0156,revenue_raw,ARR_MISSING,INFO,,missing revenue,2026-08-30T10:44:17.634980+00:00
dcfc7576-dd8a-50f8-b98c-a999a858705e,57ec45a1-9a06-4385-9e42-2d255db54746,fact_article,ART0160,revenue_raw,ARR_UNDISCLOSED,INFO,Not disclosed,revenue not disclosed,2026-08-30T10:44:17.634980+00:00
0c8c4691-a47e-5fec-8a58-b2156a8ea04f,57ec45a1-9a06-4385-9e42-2d255db54746,fact_article,ART0162,revenue_raw,ARR_UNDISCLOSED,INFO,Not disclosed,revenue not disclosed,2026-08-30T10:44:17.634980+00:00
db619c46-117d-55f4-9d57-30ca052066f9,57ec45a1-9a06-4385-9e42-2d255db54746,fact_article,ART0164,revenue_raw,ARR_UNDISCLOSED,INFO,Not disclosed,revenue not disclosed,2026-08-30T10:44:17.634980+00:00
8a1f05cc-e786-5076-82d6-6a325a9966f7,57ec45a1-9a06-4385-9e42-2d255db54746,fact_article,ART0166,revenue_raw,ARR_MISSING,INFO,,missing revenue,2026-08-30T10:44:17.634980+00:00
9163aaa1-eb5d-5f53-8267-9def43826bf6,57ec45a1-9a06-4385-9e42-2d255db54746,fact_article,ART0167,revenue_raw,ARR_UNDISCLOSED,INFO,Not disclosed,revenue not disclosed,2026-08-30T10:44:17.634980+00:00
8e42f9f7-c444-5224-8e45-008d7f6499d5,57ec45a1-9a06-4385-9e42-2d255db54746,fact_article,ART0171,revenue_raw,ARR_MISSING,INFO,,missing revenue,2026-08-30T10:44:17.634980+00:00
351bb10e-f2d6-5981-a774-9bebddaf37d8,57ec45a1-9a06-4385-9e42-2d255db54746,fact_article,ART0174,revenue_raw,ARR_UNDISCLOSED,INFO,Not disclosed,revenue not disclosed,2026-08-30T10:44:17.634980+00:00
f7c1caec-4d61-5f0b-920b-be832cb72ce7,57ec45a1-9a06-4385-9e42-2d255db54746,fact_article,ART0176,revenue_raw,ARR_UNDISCLOSED,INFO,Not disclosed,revenue not disclosed,2026-08-30T10:44:17.634980+00:00
5e80d9e8-2b87-5f65-939e-b83b72e7d8b5,57ec45a1-9a06-4385-9e42-2d255db54746,fact_article,ART0178,revenue_raw,ARR_MISSING,INFO,,missing revenue,2026-08-30T10:44:17.634980+00:00
c5edf436-2db9-569a-b4e2-276072c6a6f3,57ec45a1-9a06-4385-9e42-2d255db54746,fact_article,ART0182,revenue_raw,ARR_MISSING,INFO,,missing revenue,2026-08-30T10:44:17.634980+00:00
f31acc7a-26ee-54ef-94be-0ed02c8fd548,57ec45a1-9a06-4385-9e42-2d255db54746,fact_article,ART0183,revenue_raw,ARR_MISSING,INFO,,missing revenue,2026-08-30T10:44:17.634980+00:00
55e56552-6b33-59ba-a2f0-93562726ecaa,57ec45a1-9a06-4385-9e42-2d255db54746,fact_article,ART0190,revenue_raw,ARR_MISSING,INFO,,missing revenue,2026-08-30T10:44:17.634980+00:00
6fb49d17-d4c0-5900-8751-be2e162a6edf,57ec45a1-9a06-4385-9e42-2d255db54746,fact_article,ART0191,revenue_raw,ARR_MISSING,INFO,,missing revenue,2026-08-30T10:44:17.634980+00:00
1a328262-bf17-5f9f-9781-1f2fa9598302,57ec45a1-9a06-4385-9e42-2d255db54746,fact_article,ART0193,revenue_raw,ARR_MISSING,INFO,,missing revenue,2026-08-30T10:44:17.634980+00:00
c786e9ed-9ed8-56ec-9a0d-0c2348c2e9db,57ec45a1-9a06-4385-9e42-2d255db54746,fact_article,ART0194,revenue_raw,ARR_UNDISCLOSED,INFO,Not disclosed,revenue not disclosed,2026-08-30T10:44:17.634980+00:00
0de7cd4c-ae69-548f-a64f-4e69f908f7dd,57ec45a1-9a06-4385-9e42-2d255db54746,fact_article,ART0195,revenue_raw,ARR_UNDISCLOSED,INFO,Not disclosed,revenue not disclosed,2026-08-30T10:44:17.634980+00:00
a4340388-76a9-5f57-b988-e3529792bf5b,57ec45a1-9a06-4385-9e42-2d255db54746,fact_article,ART0196,revenue_raw,ARR_UNDISCLOSED,INFO,Not disclosed,revenue not disclosed,2026-08-30T10:44:17.634980+00:00
5bc2ea1c-9f27-552a-acba-9a394e6be71e,57ec45a1-9a06-4385-9e42-2d255db54746,fact_article,ART0197,revenue_raw,ARR_MISSING,INFO,,missing revenue,2026-08-30T10:44:17.634980+00:00
b17c400a-c512-569a-be27-c8db11ebfec1,57ec45a1-9a06-4385-9e42-2d255db54746,fact_article,ART0201,revenue_raw,ARR_UNDISCLOSED,INFO,Not disclosed,revenue not disclosed,2026-08-30T10:44:17.634980+00:00
0851b123-2cb0-532a-863e-ce9fd7fbedb0,57ec45a1-9a06-4385-9e42-2d255db54746,fact_article,ART0203,revenue_raw,ARR_MISSING,INFO,,missing revenue,2026-08-30T10:44:17.634980+00:00
d852a9eb-7384-58f6-bdc5-3a886ed34f61,57ec45a1-9a06-4385-9e42-2d255db54746,fact_article,ART0203,published_date_raw,DATE_AMBIGUOUS_POLICY_APPLIED,INFO,08/04/2022,ambiguous numeric date interpreted as MM/DD/YYYY,2026-08-30T10:44:17.634980+00:00
74949e18-3638-5e74-9ca4-fef0767bdf3b,57ec45a1-9a06-4385-9e42-2d255db54746,fact_article,ART0205,revenue_raw,ARR_MISSING,INFO,,missing revenue,2026-08-30T10:44:17.634980+00:00
1f1a4e07-0dfc-5701-8fdd-319373d149fe,57ec45a1-9a06-4385-9e42-2d255db54746,fact_article,ART0208,revenue_raw,ARR_MISSING,INFO,,missing revenue,2026-08-30T10:44:17.634980+00:00
e56b2f95-3a21-57b9-9ea0-d7f4d2fa3b86,57ec45a1-9a06-4385-9e42-2d255db54746,fact_article,ART0214,revenue_raw,ARR_MISSING,INFO,,missing revenue,2026-08-30T10:44:17.634980+00:00
03f4f8ed-c5d7-53fc-9271-e1148e091592,57ec45a1-9a06-4385-9e42-2d255db54746,fact_article,ART0215,revenue_raw,ARR_UNDISCLOSED,INFO,Not disclosed,revenue not disclosed,2026-08-30T10:44:17.634980+00:00
e7a46778-3122-508f-b4e2-5febfc1dd771,57ec45a1-9a06-4385-9e42-2d255db54746,fact_article,ART0216,revenue_raw,ARR_UNDISCLOSED,INFO,Not disclosed,revenue not disclosed,2026-08-30T10:44:17.634980+00:00
028e3665-0911-57b5-aa69-8aa7195449b1,57ec45a1-9a06-4385-9e42-2d255db54746,fact_article,ART0218,revenue_raw,ARR_UNDISCLOSED,INFO,Not disclosed,revenue not disclosed,2026-08-30T10:44:17.634980+00:00
57355089-9874-5ac6-875e-23f8c282968c,57ec45a1-9a06-4385-9e42-2d255db54746,fact_article,ART0227,revenue_raw,ARR_MISSING,INFO,N/A,missing revenue,2026-08-30T10:44:17.634980+00:00
474804ce-bafa-5725-946c-6384a3edc687,57ec45a1-9a06-4385-9e42-2d255db54746,fact_article,ART0229,revenue_raw,ARR_UNDISCLOSED,INFO,Not disclosed,revenue not disclosed,2026-08-30T10:44:17.634980+00:00
0385e23e-70fe-5385-a606-77e033294b27,57ec45a1-9a06-4385-9e42-2d255db54746,fact_article,ART0235,revenue_raw,ARR_MISSING,INFO,,missing revenue,2026-08-30T10:44:17.634980+00:00
63e3de5f-8781-5311-af47-97bfa9769995,57ec45a1-9a06-4385-9e42-2d255db54746,fact_article,ART0238,revenue_raw,ARR_MISSING,INFO,,missing revenue,2026-08-30T10:44:17.634980+00:00
768897cb-623b-55e0-b4f6-6f968e6dc7a0,57ec45a1-9a06-4385-9e42-2d255db54746,fact_article,ART0238,published_date_raw,DATE_AMBIGUOUS_POLICY_APPLIED,INFO,08/11/2020,ambiguous numeric date interpreted as MM/DD/YYYY,2026-08-30T10:44:17.634980+00:00
b6023f6a-cd46-5775-90eb-9cde0d934f02,57ec45a1-9a06-4385-9e42-2d255db54746,fact_article,ART0244,revenue_raw,ARR_MISSING,INFO,,missing revenue,2026-08-30T10:44:17.634980+00:00
d7dd69ff-0df6-581c-92c2-04e77dfd3897,57ec45a1-9a06-4385-9e42-2d255db54746,fact_article,ART0245,revenue_raw,ARR_UNDISCLOSED,INFO,Not disclosed,revenue not disclosed,2026-08-30T10:44:17.634980+00:00
bc423a5c-22f1-5bbf-abcf-78fe98593f51,57ec45a1-9a06-4385-9e42-2d255db54746,fact_article,ART0245,published_date_raw,DATE_AMBIGUOUS_POLICY_APPLIED,INFO,12/12/2022,ambiguous numeric date interpreted as MM/DD/YYYY,2026-08-30T10:44:17.634980+00:00
97c206b9-caf4-5879-8cd9-5b8add7b4c56,57ec45a1-9a06-4385-9e42-2d255db54746,fact_article,ART0248,revenue_raw,ARR_UNDISCLOSED,INFO,Not disclosed,revenue not disclosed,2026-08-30T10:44:17.634980+00:00
f374978c-ac23-545c-ac82-d3229fbebb7b,57ec45a1-9a06-4385-9e42-2d255db54746,fact_article,ART0255,revenue_raw,ARR_MISSING,INFO,N/A,missing revenue,2026-08-30T10:44:17.634980+00:00
1f6043ed-4ea8-559d-b077-b7f978d1e43d,57ec45a1-9a06-4385-9e42-2d255db54746,fact_article,ART0255,published_date_raw,DATE_AMBIGUOUS_POLICY_APPLIED,INFO,05/09/2022,ambiguous numeric date interpreted as MM/DD/YYYY,2026-08-30T10:44:17.634980+00:00
7610eaee-3e20-51c9-b278-91376911bbae,57ec45a1-9a06-4385-9e42-2d255db54746,fact_article,ART0256,revenue_raw,ARR_MISSING,INFO,N/A,missing revenue,2026-08-30T10:44:17.634980+00:00
e2b66fa1-8d4d-5cc8-93f0-07cd9f233bb1,57ec45a1-9a06-4385-9e42-2d255db54746,fact_article,ART0260,revenue_raw,ARR_MISSING,INFO,N/A,missing revenue,2026-08-30T10:44:17.634980+00:00
a4674fe6-cca8-5ca1-b961-c5e1637562e5,57ec45a1-9a06-4385-9e42-2d255db54746,fact_article,ART0264,published_date_raw,DATE_AMBIGUOUS_POLICY_APPLIED,INFO,06/10/2022,ambiguous numeric date interpreted as MM/DD/YYYY,2026-08-30T10:44:17.634980+00:00
b38f557e-9a9b-5d5a-8440-40285cc297c9,57ec45a1-9a06-4385-9e42-2d255db54746,fact_article,ART0265,revenue_raw,ARR_MISSING,INFO,N/A,missing revenue,2026-08-30T10:44:17.634980+00:00
72b3856a-4f36-5420-acac-a27566b4c2d6,57ec45a1-9a06-4385-9e42-2d255db54746,fact_article,ART0266,revenue_raw,ARR_MISSING,INFO,,missing revenue,2026-08-30T10:44:17.634980+00:00
50042d82-4487-5214-a97b-f7db602cbef8,57ec45a1-9a06-4385-9e42-2d255db54746,fact_article,ART0267,revenue_raw,ARR_UNDISCLOSED,INFO,Not disclosed,revenue not disclosed,2026-08-30T10:44:17.634980+00:00
3aad2cee-ddfa-5313-a422-014c24d0df6a,57ec45a1-9a06-4385-9e42-2d255db54746,fact_article,ART0271,revenue_raw,ARR_MISSING,INFO,N/A,missing revenue,2026-08-30T10:44:17.634980+00:00
6ef613b2-e5e5-5d93-ba03-936b6ab3b847,57ec45a1-9a06-4385-9e42-2d255db54746,fact_article,ART0276,revenue_raw,ARR_UNDISCLOSED,INFO,Not disclosed,revenue not disclosed,2026-08-30T10:44:17.634980+00:00
6422cde5-828a-5d6e-9e03-1b0f03e744ee,57ec45a1-9a06-4385-9e42-2d255db54746,fact_article,ART0279,revenue_raw,ARR_MISSING,INFO,N/A,missing revenue,2026-08-30T10:44:17.634980+00:00
1b09d2c4-a22d-5c99-a5ec-098ebd5b10ac,57ec45a1-9a06-4385-9e42-2d255db54746,fact_article,ART0280,revenue_raw,ARR_MISSING,INFO,N/A,missing revenue,2026-08-30T10:44:17.634980+00:00
53267037-0ab9-59d2-94fb-2351da83a9f6,57ec45a1-9a06-4385-9e42-2d255db54746,fact_article,ART0281,revenue_raw,ARR_UNDISCLOSED,INFO,Not disclosed,revenue not disclosed,2026-08-30T10:44:17.634980+00:00
92d0adfd-001d-5c80-ab82-d0822a921f45,57ec45a1-9a06-4385-9e42-2d255db54746,fact_article,ART0282,revenue_raw,ARR_MISSING,INFO,,missing revenue,2026-08-30T10:44:17.634980+00:00
8d090229-fd70-5634-9621-77270287c731,57ec45a1-9a06-4385-9e42-2d255db54746,fact_article,ART0283,revenue_raw,ARR_UNDISCLOSED,INFO,Not disclosed,revenue not disclosed,2026-08-30T10:44:17.634980+00:00
501f9aae-68f9-51ab-b2be-d5e0843bf7a8,57ec45a1-9a06-4385-9e42-2d255db54746,fact_article,ART0284,revenue_raw,ARR_MISSING,INFO,N/A,missing revenue,2026-08-30T10:44:17.634980+00:00
c593edaa-db25-55d8-b76b-ba6e2b5d3936,57ec45a1-9a06-4385-9e42-2d255db54746,fact_article,ART0285,published_date_raw,DATE_AMBIGUOUS_POLICY_APPLIED,INFO,02/09/2020,ambiguous numeric date interpreted as MM/DD/YYYY,2026-08-30T10:44:17.634980+00:00
86508465-d73c-5eca-a3a9-6eb3eb55061e,57ec45a1-9a06-4385-9e42-2d255db54746,fact_article,ART0287,revenue_raw,ARR_MISSING,INFO,,missing revenue,2026-08-30T10:44:17.634980+00:00
ca2f7a4f-2b48-54bf-a33a-605fc2c4ca6f,57ec45a1-9a06-4385-9e42-2d255db54746,fact_article,ART0288,revenue_raw,ARR_MISSING,INFO,N/A,missing revenue,2026-08-30T10:44:17.634980+00:00
81c47f9f-0825-5616-85a9-859d4337a65c,57ec45a1-9a06-4385-9e42-2d255db54746,fact_article,ART0289,revenue_raw,ARR_UNDISCLOSED,INFO,Not disclosed,revenue not disclosed,2026-08-30T10:44:17.634980+00:00
4ba92ae8-50c3-57f3-a2d1-9619074ed28b,57ec45a1-9a06-4385-9e42-2d255db54746,fact_article,ART0291,revenue_raw,ARR_MISSING,INFO,,missing revenue,2026-08-30T10:44:17.634980+00:00
f0b4be0e-af86-5423-834d-a063f3ae843c,57ec45a1-9a06-4385-9e42-2d255db54746,fact_article,ART0296,revenue_raw,ARR_MISSING,INFO,,missing revenue,2026-08-30T10:44:17.634980+00:00
f815baa5-29d0-5170-adb3-e1588327412a,57ec45a1-9a06-4385-9e42-2d255db54746,fact_article,ART0297,revenue_raw,ARR_UNDISCLOSED,INFO,Not disclosed,revenue not disclosed,2026-08-30T10:44:17.634980+00:00
e5b1ed32-42b4-5d4e-a0b6-94ded64b73b0,57ec45a1-9a06-4385-9e42-2d255db54746,fact_article,ART0298,revenue_raw,ARR_MISSING,INFO,,missing revenue,2026-08-30T10:44:17.634980+00:00
443e91bb-04e6-5414-9e03-5b0a997efd0b,57ec45a1-9a06-4385-9e42-2d255db54746,fact_article,ART0302,revenue_raw,ARR_MISSING,INFO,N/A,missing revenue,2026-08-30T10:44:17.634980+00:00
c4694d82-28e8-5a1f-9d5e-8812351031d2,57ec45a1-9a06-4385-9e42-2d255db54746,fact_article,ART0309,revenue_raw,ARR_MISSING,INFO,N/A,missing revenue,2026-08-30T10:44:17.634980+00:00
5a629d0d-4e3b-5dcc-8418-b3ad45b75bf2,57ec45a1-9a06-4385-9e42-2d255db54746,fact_article,ART0319,revenue_raw,ARR_MISSING,INFO,N/A,missing revenue,2026-08-30T10:44:17.634980+00:00
8da894a5-6e8e-5745-8b22-dff4cf446b11,57ec45a1-9a06-4385-9e42-2d255db54746,fact_article,ART0323,revenue_raw,ARR_UNDISCLOSED,INFO,Not disclosed,revenue not disclosed,2026-08-30T10:44:17.634980+00:00
d68d7dff-48b6-5152-afb7-392a514bcca2,57ec45a1-9a06-4385-9e42-2d255db54746,fact_article,ART0325,revenue_raw,ARR_UNDISCLOSED,INFO,Not disclosed,revenue not disclosed,2026-08-30T10:44:17.634980+00:00
d71b946f-4c7e-544d-b6ae-7545e53ca6a5,57ec45a1-9a06-4385-9e42-2d255db54746,fact_article,ART0333,published_date_raw,DATE_AMBIGUOUS_POLICY_APPLIED,INFO,03/09/2021,ambiguous numeric date interpreted as MM/DD/YYYY,2026-08-30T10:44:17.634980+00:00
ac108a58-12fa-5da9-9cad-22ea6ee3f794,57ec45a1-9a06-4385-9e42-2d255db54746,fact_article,ART0339,revenue_raw,ARR_MISSING,INFO,N/A,missing revenue,2026-08-30T10:44:17.634980+00:00
5711f693-ec57-5711-8181-54c53691aecf,57ec45a1-9a06-4385-9e42-2d255db54746,fact_article,ART0342,revenue_raw,ARR_MISSING,INFO,N/A,missing revenue,2026-08-30T10:44:17.634980+00:00
2a5cceab-689a-5539-8179-fe4b2c6d511c,57ec45a1-9a06-4385-9e42-2d255db54746,fact_article,ART0344,revenue_raw,ARR_MISSING,INFO,,missing revenue,2026-08-30T10:44:17.634980+00:00
181c8b3f-3d0d-5e10-879c-9e5ac3ec953f,57ec45a1-9a06-4385-9e42-2d255db54746,fact_article,ART0348,revenue_raw,ARR_UNDISCLOSED,INFO,Not disclosed,revenue not disclosed,2026-08-30T10:44:17.634980+00:00
49f3b29b-04cb-5a58-b9af-a3f0c70d6d62,57ec45a1-9a06-4385-9e42-2d255db54746,fact_article,ART0349,revenue_raw,ARR_UNDISCLOSED,INFO,Not disclosed,revenue not disclosed,2026-08-30T10:44:17.634980+00:00
f94e83ae-3d41-58cb-b49e-afd46de31971,57ec45a1-9a06-4385-9e42-2d255db54746,fact_article,ART0351,published_date_raw,DATE_AMBIGUOUS_POLICY_APPLIED,INFO,02/09/2023,ambiguous numeric date interpreted as MM/DD/YYYY,2026-08-30T10:44:17.634980+00:00
5974ba29-3af6-56d1-a446-924cc6de0299,57ec45a1-9a06-4385-9e42-2d255db54746,fact_article,ART0353,revenue_raw,ARR_MISSING,INFO,N/A,missing revenue,2026-08-30T10:44:17.634980+00:00
ae71e708-019c-5f20-98a9-c480304834e9,57ec45a1-9a06-4385-9e42-2d255db54746,fact_article,ART0354,revenue_raw,ARR_MISSING,INFO,N/A,missing revenue,2026-08-30T10:44:17.634980+00:00
fe3292e7-ba92-503c-8abb-e88dfa44f518,57ec45a1-9a06-4385-9e42-2d255db54746,fact_article,ART0356,revenue_raw,ARR_UNDISCLOSED,INFO,Not disclosed,revenue not disclosed,2026-08-30T10:44:17.634980+00:00
302077b9-8a9c-5856-af6d-aaa4d72fe0bb,57ec45a1-9a06-4385-9e42-2d255db54746,fact_article,ART0361,revenue_raw,ARR_MISSING,INFO,,missing revenue,2026-08-30T10:44:17.634980+00:00
d5d16b58-66b9-52ed-9e10-31de3984d2e4,57ec45a1-9a06-4385-9e42-2d255db54746,fact_article,ART0362,revenue_raw,ARR_UNDISCLOSED,INFO,Not disclosed,revenue not disclosed,2026-08-30T10:44:17.634980+00:00
da052299-c304-5f80-9210-5abcf3e775b8,57ec45a1-9a06-4385-9e42-2d255db54746,fact_article,ART0366,revenue_raw,ARR_UNDISCLOSED,INFO,Not disclosed,revenue not disclosed,2026-08-30T10:44:17.634980+00:00
4e36d2ac-e076-52cf-ae52-557109b8e723,57ec45a1-9a06-4385-9e42-2d255db54746,fact_article,ART0372,revenue_raw,ARR_UNDISCLOSED,INFO,Not disclosed,revenue not disclosed,2026-08-30T10:44:17.634980+00:00
80f6a895-566b-5baf-8562-dcc6938e61de,57ec45a1-9a06-4385-9e42-2d255db54746,fact_article,ART0377,published_date_raw,DATE_AMBIGUOUS_POLICY_APPLIED,INFO,05/06/2023,ambiguous numeric date interpreted as MM/DD/YYYY,2026-08-30T10:44:17.634980+00:00
566a90dd-f3dc-5113-b91f-092e1c3c10bf,57ec45a1-9a06-4385-9e42-2d255db54746,fact_article,ART0379,revenue_raw,ARR_MISSING,INFO,,missing revenue,2026-08-30T10:44:17.634980+00:00
2147cb81-1b5b-54a4-8491-8be5f175df3c,57ec45a1-9a06-4385-9e42-2d255db54746,fact_article,ART0381,revenue_raw,ARR_UNDISCLOSED,INFO,Not disclosed,revenue not disclosed,2026-08-30T10:44:17.634980+00:00
ba5deb9e-fe21-51f6-8666-e87531aff428,57ec45a1-9a06-4385-9e42-2d255db54746,fact_article,ART0388,revenue_raw,ARR_UNDISCLOSED,INFO,Not disclosed,revenue not disclosed,2026-08-30T10:44:17.634980+00:00
86274a3e-4d40-5338-8b0a-22464dfccf60,57ec45a1-9a06-4385-9e42-2d255db54746,fact_article,ART0395,revenue_raw,ARR_MISSING,INFO,,missing revenue,2026-08-30T10:44:17.634980+00:00
2c13ea64-3529-5160-a0f4-e2d75fafafd3,57ec45a1-9a06-4385-9e42-2d255db54746,fact_article,ART0401,revenue_raw,ARR_UNDISCLOSED,INFO,Not disclosed,revenue not disclosed,2026-08-30T10:44:17.634980+00:00
7fedebb0-c738-53dd-9ffe-6840ef3a21b0,57ec45a1-9a06-4385-9e42-2d255db54746,fact_article,ART0401,published_date_raw,DATE_AMBIGUOUS_POLICY_APPLIED,INFO,08/04/2021,ambiguous numeric date interpreted as MM/DD/YYYY,2026-08-30T10:44:17.634980+00:00
2a5cd17b-4c93-568d-938d-8a88d5a26e07,57ec45a1-9a06-4385-9e42-2d255db54746,fact_article,ART0405,revenue_raw,ARR_UNDISCLOSED,INFO,Not disclosed,revenue not disclosed,2026-08-30T10:44:17.634980+00:00
d8181aec-891c-5128-a115-1bc5c14b8167,57ec45a1-9a06-4385-9e42-2d255db54746,fact_article,ART0407,revenue_raw,ARR_UNDISCLOSED,INFO,Not disclosed,revenue not disclosed,2026-08-30T10:44:17.634980+00:00
cbdc3ce8-d52d-53ec-acd6-1ecf60665e54,57ec45a1-9a06-4385-9e42-2d255db54746,fact_article,ART0408,published_date_raw,DATE_AMBIGUOUS_POLICY_APPLIED,INFO,08/06/2020,ambiguous numeric date interpreted as MM/DD/YYYY,2026-08-30T10:44:17.634980+00:00
d29d6ed3-1fee-5bb4-bed2-9c139a840d97,57ec45a1-9a06-4385-9e42-2d255db54746,fact_article,ART0409,revenue_raw,ARR_MISSING,INFO,,missing revenue,2026-08-30T10:44:17.634980+00:00
7f66c981-5baf-545e-9039-e3839029bc4e,57ec45a1-9a06-4385-9e42-2d255db54746,fact_article,ART0409,published_date_raw,DATE_AMBIGUOUS_POLICY_APPLIED,INFO,09/03/2022,ambiguous numeric date interpreted as MM/DD/YYYY,2026-08-30T10:44:17.634980+00:00
6b4e30b9-3863-54b6-820c-1496392101a1,57ec45a1-9a06-4385-9e42-2d255db54746,fact_article,ART0414,revenue_raw,ARR_MISSING,INFO,,missing revenue,2026-08-30T10:44:17.634980+00:00
6d691161-d1a6-5c54-b48b-900d7c0bf27f,57ec45a1-9a06-4385-9e42-2d255db54746,fact_article,ART0415,revenue_raw,ARR_MISSING,INFO,N/A,missing revenue,2026-08-30T10:44:17.634980+00:00
f97b569c-464c-5b85-acb6-5765f2705cf4,57ec45a1-9a06-4385-9e42-2d255db54746,fact_article,ART0416,published_date_raw,DATE_AMBIGUOUS_POLICY_APPLIED,INFO,09/12/2023,ambiguous numeric date interpreted as MM/DD/YYYY,2026-08-30T10:44:17.634980+00:00
1fed1d77-54a7-505a-ba77-cd9d18d1fc77,57ec45a1-9a06-4385-9e42-2d255db54746,fact_article,ART0417,revenue_raw,ARR_MISSING,INFO,N/A,missing revenue,2026-08-30T10:44:17.634980+00:00
94894e6e-83db-520c-ae01-7e055ee94187,57ec45a1-9a06-4385-9e42-2d255db54746,fact_article,ART0419,revenue_raw,ARR_MISSING,INFO,N/A,missing revenue,2026-08-30T10:44:17.634980+00:00
a15f98e7-217d-5df5-bb47-437d97f9cea3,57ec45a1-9a06-4385-9e42-2d255db54746,fact_article,ART0422,revenue_raw,ARR_MISSING,INFO,,missing revenue,2026-08-30T10:44:17.634980+00:00
39c57e6e-0506-5cc4-8907-af95eae8b5f5,57ec45a1-9a06-4385-9e42-2d255db54746,fact_article,ART0423,revenue_raw,ARR_MISSING,INFO,,missing revenue,2026-08-30T10:44:17.634980+00:00
1fd47b2c-753c-5978-a9b2-e79990ccca92,57ec45a1-9a06-4385-9e42-2d255db54746,fact_article,ART0425,revenue_raw,ARR_UNDISCLOSED,INFO,Not disclosed,revenue not disclosed,2026-08-30T10:44:17.634980+00:00
e8958c81-5bc6-5e6c-bef5-e6e05103cd21,57ec45a1-9a06-4385-9e42-2d255db54746,fact_article,ART0426,revenue_raw,ARR_MISSING,INFO,,missing revenue,2026-08-30T10:44:17.634980+00:00
915d6a3f-e32d-5c37-bad8-56f88ab3b601,57ec45a1-9a06-4385-9e42-2d255db54746,fact_article,ART0427,published_date_raw,DATE_AMBIGUOUS_POLICY_APPLIED,INFO,02/08/2020,ambiguous numeric date interpreted as MM/DD/YYYY,2026-08-30T10:44:17.634980+00:00
a71738a7-b07f-54bc-a6ba-36482d20860a,57ec45a1-9a06-4385-9e42-2d255db54746,fact_article,ART0429,published_date_raw,DATE_AMBIGUOUS_POLICY_APPLIED,INFO,09/11/2021,ambiguous numeric date interpreted as MM/DD/YYYY,2026-08-30T10:44:17.634980+00:00
cddd2448-de25-55f3-8271-2cdb24c312f5,57ec45a1-9a06-4385-9e42-2d255db54746,fact_article,ART0434,revenue_raw,ARR_MISSING,INFO,,missing revenue,2026-08-30T10:44:17.634980+00:00
e696f484-77a3-5b33-a5fc-c07f384cdec4,57ec45a1-9a06-4385-9e42-2d255db54746,fact_article,ART0436,revenue_raw,ARR_MISSING,INFO,N/A,missing revenue,2026-08-30T10:44:17.634980+00:00
dc43b5ac-c7be-5fd9-aff0-487103778909,57ec45a1-9a06-4385-9e42-2d255db54746,fact_article,ART0438,revenue_raw,ARR_UNDISCLOSED,INFO,Not disclosed,revenue not disclosed,2026-08-30T10:44:17.634980+00:00
92abcaa8-2693-5d32-8aef-94558d83d709,57ec45a1-9a06-4385-9e42-2d255db54746,fact_article,ART0440,revenue_raw,ARR_UNDISCLOSED,INFO,Not disclosed,revenue not disclosed,2026-08-30T10:44:17.634980+00:00
9e14906b-34e7-59fd-9769-35088d17e88d,57ec45a1-9a06-4385-9e42-2d255db54746,fact_article,ART0444,revenue_raw,ARR_UNDISCLOSED,INFO,Not disclosed,revenue not disclosed,2026-08-30T10:44:17.634980+00:00
2c853541-9a2d-5781-ab1a-4546fc704992,57ec45a1-9a06-4385-9e42-2d255db54746,fact_article,ART0447,revenue_raw,ARR_MISSING,INFO,,missing revenue,2026-08-30T10:44:17.634980+00:00
18adb5ad-c859-5cae-b8fc-68e298a55652,57ec45a1-9a06-4385-9e42-2d255db54746,fact_article,ART0448,revenue_raw,ARR_UNDISCLOSED,INFO,Not disclosed,revenue not disclosed,2026-08-30T10:44:17.634980+00:00
d3fc3cf1-65e2-55a7-a233-517b7c29ebe9,57ec45a1-9a06-4385-9e42-2d255db54746,fact_article,ART0449,revenue_raw,ARR_MISSING,INFO,,missing revenue,2026-08-30T10:44:17.634980+00:00
17ade7c5-dcd4-58e1-acd5-08ffe7087f9e,57ec45a1-9a06-4385-9e42-2d255db54746,fact_article,ART0450,revenue_raw,ARR_MISSING,INFO,,missing revenue,2026-08-30T10:44:17.634980+00:00
8ce60141-3ffe-5d8a-a628-10a80c43ccf6,57ec45a1-9a06-4385-9e42-2d255db54746,fact_article,ART0451,revenue_raw,ARR_UNDISCLOSED,INFO,Not disclosed,revenue not disclosed,2026-08-30T10:44:17.634980+00:00
20ce7089-d6e3-5fe9-8fe9-8e9059e6237b,57ec45a1-9a06-4385-9e42-2d255db54746,fact_article,ART0454,revenue_raw,ARR_UNDISCLOSED,INFO,Not disclosed,revenue not disclosed,2026-08-30T10:44:17.634980+00:00
cc257bcc-f418-50c6-9e34-7edd03d46965,57ec45a1-9a06-4385-9e42-2d255db54746,fact_article,ART0455,revenue_raw,ARR_MISSING,INFO,,missing revenue,2026-08-30T10:44:17.634980+00:00
20705cc3-4e3c-5a3f-af45-5607d471c20b,57ec45a1-9a06-4385-9e42-2d255db54746,fact_article,ART0462,revenue_raw,ARR_UNDISCLOSED,INFO,Not disclosed,revenue not disclosed,2026-08-30T10:44:17.634980+00:00
a1bed0e4-be6c-5845-a20a-accf0b8b8a42,57ec45a1-9a06-4385-9e42-2d255db54746,fact_article,ART0463,published_date_raw,DATE_AMBIGUOUS_POLICY_APPLIED,INFO,06/02/2022,ambiguous numeric date interpreted as MM/DD/YYYY,2026-08-30T10:44:17.634980+00:00
6cc30610-36e3-509e-bc5c-85cf303f6fb8,57ec45a1-9a06-4385-9e42-2d255db54746,fact_article,ART0465,revenue_raw,ARR_MISSING,INFO,,missing revenue,2026-08-30T10:44:17.634980+00:00
40d8f641-03d6-5fa5-b997-313f7f6520a4,57ec45a1-9a06-4385-9e42-2d255db54746,fact_article,ART0467,revenue_raw,ARR_MISSING,INFO,,missing revenue,2026-08-30T10:44:17.634980+00:00
9d059133-0a2a-5773-9822-fa75749ff075,57ec45a1-9a06-4385-9e42-2d255db54746,fact_article,ART0469,revenue_raw,ARR_UNDISCLOSED,INFO,Not disclosed,revenue not disclosed,2026-08-30T10:44:17.634980+00:00
e0bb3a79-ece3-542d-a31a-6394825f5bc6,57ec45a1-9a06-4385-9e42-2d255db54746,fact_article,ART0474,revenue_raw,ARR_MISSING,INFO,,missing revenue,2026-08-30T10:44:17.634980+00:00
d5b19ede-af71-5af8-a714-f4279b0f4f67,57ec45a1-9a06-4385-9e42-2d255db54746,fact_article,ART0478,revenue_raw,ARR_UNDISCLOSED,INFO,Not disclosed,revenue not disclosed,2026-08-30T10:44:17.634980+00:00
9f5ae06b-3350-578a-92ea-484368417332,57ec45a1-9a06-4385-9e42-2d255db54746,fact_article,ART0484,revenue_raw,ARR_MISSING,INFO,,missing revenue,2026-08-30T10:44:17.634980+00:00
59491d80-e7b2-5abc-ae14-c91d873d60c1,57ec45a1-9a06-4385-9e42-2d255db54746,fact_article,ART0486,revenue_raw,ARR_MISSING,INFO,N/A,missing revenue,2026-08-30T10:44:17.634980+00:00
4095d745-136d-5206-8ac1-d62a161a6502,57ec45a1-9a06-4385-9e42-2d255db54746,fact_article,ART0489,revenue_raw,ARR_UNDISCLOSED,INFO,Not disclosed,revenue not disclosed,2026-08-30T10:44:17.634980+00:00
d867b05a-262e-58bb-b212-761c12c211c0,57ec45a1-9a06-4385-9e42-2d255db54746,fact_article,ART0492,published_date_raw,DATE_AMBIGUOUS_POLICY_APPLIED,INFO,08/11/2020,ambiguous numeric date interpreted as MM/DD/YYYY,2026-08-30T10:44:17.634980+00:00
3bcd8e24-5550-5768-a9aa-70fb320f1387,57ec45a1-9a06-4385-9e42-2d255db54746,fact_article,ART0494,revenue_raw,ARR_MISSING,INFO,,missing revenue,2026-08-30T10:44:17.634980+00:00
eaad56b3-d898-5e0b-ab40-13df312aa4c2,57ec45a1-9a06-4385-9e42-2d255db54746,fact_article,ART0496,published_date_raw,DATE_AMBIGUOUS_POLICY_APPLIED,INFO,01/08/2021,ambiguous numeric date interpreted as MM/DD/YYYY,2026-08-30T10:44:17.634980+00:00
01e06076-649c-5cc4-ad0c-8cab1708ee60,57ec45a1-9a06-4385-9e42-2d255db54746,fact_article,ART0499,revenue_raw,ARR_UNDISCLOSED,INFO,Not disclosed,revenue not disclosed,2026-08-30T10:44:17.634980+00:00
ebe5fc76-3f28-50f9-af75-8688ec2efb3d,57ec45a1-9a06-4385-9e42-2d255db54746,fact_article,ART0502,company_name_raw,COMPANY_UNRESOLVED,WARNING,Mistral AI,company metadata was not joined,2026-08-30T10:44:17.634980+00:00
bcb6c4ed-905e-56a2-a068-15b7e4e2b912,57ec45a1-9a06-4385-9e42-2d255db54746,fact_article,ART0505,published_date_raw,DATE_AMBIGUOUS_POLICY_APPLIED,INFO,04/03/2024,ambiguous numeric date interpreted as MM/DD/YYYY,2026-08-30T10:44:17.634980+00:00
60148298-b404-5d7f-8ec7-6faa73c6bd09,57ec45a1-9a06-4385-9e42-2d255db54746,fact_article,ART0507,revenue_raw,ARR_MISSING,INFO,,missing revenue,2026-08-30T10:44:17.634980+00:00
da59e997-4b72-561d-be68-f0a359da25ac,57ec45a1-9a06-4385-9e42-2d255db54746,fact_article,ART0509,revenue_raw,ARR_UNDISCLOSED,INFO,Not disclosed,revenue not disclosed,2026-08-30T10:44:17.634980+00:00
7c856120-a7af-561f-b1a8-b765f094c1d5,57ec45a1-9a06-4385-9e42-2d255db54746,fact_article,ART0517,company_name_raw,COMPANY_UNRESOLVED,WARNING,Perplexity AI,company metadata was not joined,2026-08-30T10:44:17.634980+00:00
82767598-81c8-55be-b2b1-6acc1e0441c1,57ec45a1-9a06-4385-9e42-2d255db54746,fact_article,ART0518,company_name_raw,COMPANY_UNRESOLVED,WARNING,Cohere,company metadata was not joined,2026-08-30T10:44:17.634980+00:00
a08b759b-1cb3-5a23-835a-bec216ee4f34,57ec45a1-9a06-4385-9e42-2d255db54746,fact_article,ART0519,published_date_raw,DATE_AMBIGUOUS_POLICY_APPLIED,INFO,05/04/2024,ambiguous numeric date interpreted as MM/DD/YYYY,2026-08-30T10:44:17.634980+00:00
41b7ebd0-eb5a-55f2-8e4a-ef9e6c477546,57ec45a1-9a06-4385-9e42-2d255db54746,fact_article,ART0524,published_date_raw,DATE_INVALID,ERROR,06-21-2024,unsupported or invalid date,2026-08-30T10:44:17.634980+00:00
01eb427e-caa1-5044-836c-43d15702dddb,57ec45a1-9a06-4385-9e42-2d255db54746,fact_article,ART0526,published_date_raw,DATE_AMBIGUOUS_POLICY_APPLIED,INFO,12/04/2023,ambiguous numeric date interpreted as MM/DD/YYYY,2026-08-30T10:44:17.634980+00:00
2b1eeac1-1d3a-5d18-8e87-94f487cc3b58,57ec45a1-9a06-4385-9e42-2d255db54746,fact_article,ART0527,revenue_raw,ARR_MISSING,INFO,N/A,missing revenue,2026-08-30T10:44:17.634980+00:00
d862c03e-9948-5988-957b-7b13a7edca41,57ec45a1-9a06-4385-9e42-2d255db54746,fact_article,ART0529,revenue_raw,ARR_MISSING,INFO,N/A,missing revenue,2026-08-30T10:44:17.634980+00:00
1f215b47-597e-57fe-86cc-863f68c03313,57ec45a1-9a06-4385-9e42-2d255db54746,fact_article,ART0531,published_date_raw,DATE_INVALID,ERROR,06-21-2024,unsupported or invalid date,2026-08-30T10:44:17.634980+00:00
2105127e-e636-5220-b7f9-cccd6106ce3e,57ec45a1-9a06-4385-9e42-2d255db54746,fact_article,ART0533,published_date_raw,DATE_AMBIGUOUS_POLICY_APPLIED,INFO,09/07/2024,ambiguous numeric date interpreted as MM/DD/YYYY,2026-08-30T10:44:17.634980+00:00
3879f27f-cbce-55ca-8a32-3ca29c5ae91b,57ec45a1-9a06-4385-9e42-2d255db54746,fact_article,ART0535,revenue_raw,ARR_MISSING,INFO,N/A,missing revenue,2026-08-30T10:44:17.634980+00:00
0c1d043b-15e2-58cc-9f8d-dccee9fb5439,57ec45a1-9a06-4385-9e42-2d255db54746,fact_article,ART0536,company_name_raw,COMPANY_UNRESOLVED,WARNING,Cohere,company metadata was not joined,2026-08-30T10:44:17.634980+00:00
caa7b92a-c762-5057-92b2-2afb7d7fbe3f,57ec45a1-9a06-4385-9e42-2d255db54746,fact_article,ART0538,revenue_raw,ARR_MISSING,INFO,,missing revenue,2026-08-30T10:44:17.634980+00:00
1490d5fd-0a74-563d-94d2-d8293fe74f90,57ec45a1-9a06-4385-9e42-2d255db54746,fact_article,ART0540,published_date_raw,DATE_AMBIGUOUS_POLICY_APPLIED,INFO,12/02/2024,ambiguous numeric date interpreted as MM/DD/YYYY,2026-08-30T10:44:17.634980+00:00
425caca0-89a9-519c-a9c4-ba8d8c879010,57ec45a1-9a06-4385-9e42-2d255db54746,fact_article,ART0543,revenue_raw,ARR_UNDISCLOSED,INFO,Not disclosed,revenue not disclosed,2026-08-30T10:44:17.634980+00:00
876fc54c-a14f-5f14-9cc8-78b819ce7a4e,57ec45a1-9a06-4385-9e42-2d255db54746,fact_article,ART0544,company_name_raw,COMPANY_UNRESOLVED,WARNING,Perplexity AI,company metadata was not joined,2026-08-30T10:44:17.634980+00:00
97ce8f1f-1293-539c-8ea1-d583a8b90847,57ec45a1-9a06-4385-9e42-2d255db54746,fact_article,ART0545,company_name_raw,COMPANY_UNRESOLVED,WARNING,xAI,company metadata was not joined,2026-08-30T10:44:17.634980+00:00
e0f7594c-8468-5b56-9f4c-cd0f47532a5f,57ec45a1-9a06-4385-9e42-2d255db54746,fact_article,ART0545,published_date_raw,DATE_INVALID,ERROR,10-28-2024,unsupported or invalid date,2026-08-30T10:44:17.634980+00:00
6ef8e219-9d33-56a1-8de8-e69f2e0870c4,57ec45a1-9a06-4385-9e42-2d255db54746,fact_article,ART0557,revenue_raw,ARR_UNDISCLOSED,INFO,Not disclosed,revenue not disclosed,2026-08-30T10:44:17.634980+00:00
9d89a241-3c9b-5d7d-ae89-f390cba53806,57ec45a1-9a06-4385-9e42-2d255db54746,fact_article,ART0561,published_date_raw,DATE_AMBIGUOUS_POLICY_APPLIED,INFO,12/11/2024,ambiguous numeric date interpreted as MM/DD/YYYY,2026-08-30T10:44:17.634980+00:00
389110c0-3473-5f58-9bb2-2e104ccdb68d,57ec45a1-9a06-4385-9e42-2d255db54746,fact_article,ART0579,revenue_raw,ARR_UNDISCLOSED,INFO,Not disclosed,revenue not disclosed,2026-08-30T10:44:17.634980+00:00
7f084ae3-980b-5fce-936e-1a54d4ecb3ad,57ec45a1-9a06-4385-9e42-2d255db54746,fact_article,ART0579,company_name_raw,COMPANY_UNRESOLVED,WARNING,Cohere,company metadata was not joined,2026-08-30T10:44:17.634980+00:00
2837c2a8-5cde-59c7-b0b4-ce0e25fa1d8f,57ec45a1-9a06-4385-9e42-2d255db54746,fact_article,ART0580,published_date_raw,DATE_INVALID,ERROR,05-15-2023,unsupported or invalid date,2026-08-30T10:44:17.634980+00:00
5a08b490-cd41-51a0-a9f2-9d0a58971da0,57ec45a1-9a06-4385-9e42-2d255db54746,fact_article,ART0582,published_date_raw,DATE_AMBIGUOUS_POLICY_APPLIED,INFO,03/12/2024,ambiguous numeric date interpreted as MM/DD/YYYY,2026-08-30T10:44:17.634980+00:00
98253017-3dd8-5bfe-9983-0f174636bce6,57ec45a1-9a06-4385-9e42-2d255db54746,fact_article,ART0583,revenue_raw,ARR_UNDISCLOSED,INFO,Not disclosed,revenue not disclosed,2026-08-30T10:44:17.634980+00:00
e9194c04-02e1-561d-be79-e561eef61f95,57ec45a1-9a06-4385-9e42-2d255db54746,fact_article,ART0587,published_date_raw,DATE_INVALID,ERROR,01-24-2024,unsupported or invalid date,2026-08-30T10:44:17.634980+00:00
b55b3132-ebe6-5abb-ac7f-db03fc9cec68,57ec45a1-9a06-4385-9e42-2d255db54746,fact_article,ART0589,company_name_raw,COMPANY_AMBIGUOUS,WARNING,The Boring Company / SpaceX,company metadata was not joined,2026-08-30T10:44:17.634980+00:00
e5e6154c-12bb-5480-84a9-b0f5184bc685,57ec45a1-9a06-4385-9e42-2d255db54746,fact_article,ART0595,company_name_raw,COMPANY_UNRESOLVED,WARNING,Cohere,company metadata was not joined,2026-08-30T10:44:17.634980+00:00
8f82b60f-b703-5102-88da-d4e84b5e7568,57ec45a1-9a06-4385-9e42-2d255db54746,fact_article,ART0596,revenue_raw,ARR_MISSING,INFO,N/A,missing revenue,2026-08-30T10:44:17.634980+00:00
0b8a0c3d-bacb-576a-bb6f-2fc080f38f8b,57ec45a1-9a06-4385-9e42-2d255db54746,fact_article,ART0601,revenue_raw,ARR_MISSING,INFO,N/A,missing revenue,2026-08-30T10:44:17.634980+00:00
eb7e5f7c-cc9e-58fb-822a-8f41b2a4db94,57ec45a1-9a06-4385-9e42-2d255db54746,fact_article,ART0604,company_name_raw,COMPANY_UNRESOLVED,WARNING,Cohere,company metadata was not joined,2026-08-30T10:44:17.634980+00:00
9ed189d9-c82a-50fc-9734-9cc143633462,57ec45a1-9a06-4385-9e42-2d255db54746,fact_article,ART0608,published_date_raw,DATE_INVALID,ERROR,11-24-2023,unsupported or invalid date,2026-08-30T10:44:17.634980+00:00
d989e091-3274-58c5-af32-dd33359ee5d6,57ec45a1-9a06-4385-9e42-2d255db54746,fact_article,ART0610,published_date_raw,DATE_AMBIGUOUS_POLICY_APPLIED,INFO,04/08/2024,ambiguous numeric date interpreted as MM/DD/YYYY,2026-08-30T10:44:17.634980+00:00
48339842-6961-5b1c-aa29-b5215f32d47a,57ec45a1-9a06-4385-9e42-2d255db54746,fact_article,ART0613,revenue_raw,ARR_MISSING,INFO,N/A,missing revenue,2026-08-30T10:44:17.634980+00:00
f808730a-8177-5475-8355-907bfa7ad121,57ec45a1-9a06-4385-9e42-2d255db54746,fact_article,ART0617,published_date_raw,DATE_AMBIGUOUS_POLICY_APPLIED,INFO,05/11/2024,ambiguous numeric date interpreted as MM/DD/YYYY,2026-08-30T10:44:17.634980+00:00
b5acb27c-764e-578b-977d-20ec158ab7c5,57ec45a1-9a06-4385-9e42-2d255db54746,fact_article,ART0622,published_date_raw,DATE_INVALID,ERROR,07-25-2024,unsupported or invalid date,2026-08-30T10:44:17.634980+00:00
30ce68dd-01dc-5772-9f87-d8dcb53c707c,57ec45a1-9a06-4385-9e42-2d255db54746,fact_article,ART0624,company_name_raw,COMPANY_UNRESOLVED,WARNING,Hugging Face,company metadata was not joined,2026-08-30T10:44:17.634980+00:00
7b0f38d4-505f-5422-b080-8a83da456fdb,57ec45a1-9a06-4385-9e42-2d255db54746,fact_article,ART0627,company_name_raw,COMPANY_UNRESOLVED,WARNING,xAI,company metadata was not joined,2026-08-30T10:44:17.634980+00:00
7b61f6fd-31ed-5a13-9395-7420138b058f,57ec45a1-9a06-4385-9e42-2d255db54746,fact_article,ART0629,published_date_raw,DATE_INVALID,ERROR,05-21-2024,unsupported or invalid date,2026-08-30T10:44:17.634980+00:00
2dde9b05-54c6-52dd-9f49-c81e5dc83e53,57ec45a1-9a06-4385-9e42-2d255db54746,fact_article,ART0630,revenue_raw,ARR_MISSING,INFO,,missing revenue,2026-08-30T10:44:17.634980+00:00
29c0c373-0cf1-510c-87c8-c23c796fc58b,57ec45a1-9a06-4385-9e42-2d255db54746,fact_article,ART0630,company_name_raw,COMPANY_UNRESOLVED,WARNING,xAI,company metadata was not joined,2026-08-30T10:44:17.634980+00:00
57308faf-db6d-5ad9-b313-1f6f8488ca60,57ec45a1-9a06-4385-9e42-2d255db54746,fact_article,ART0631,published_date_raw,DATE_AMBIGUOUS_POLICY_APPLIED,INFO,01/09/2024,ambiguous numeric date interpreted as MM/DD/YYYY,2026-08-30T10:44:17.634980+00:00
7aef4e5a-2767-55b7-afca-bb018b1bbcf8,57ec45a1-9a06-4385-9e42-2d255db54746,fact_article,ART0632,company_name_raw,COMPANY_UNRESOLVED,WARNING,Mistral AI,company metadata was not joined,2026-08-30T10:44:17.634980+00:00
36954d00-064a-5bf7-b6da-0c8a0d7ee31c,57ec45a1-9a06-4385-9e42-2d255db54746,fact_article,ART0636,published_date_raw,DATE_INVALID,ERROR,10-22-2023,unsupported or invalid date,2026-08-30T10:44:17.634980+00:00
4582dce5-5e83-504c-84cb-90a037e2143f,57ec45a1-9a06-4385-9e42-2d255db54746,fact_article,ART0640,revenue_raw,ARR_UNDISCLOSED,INFO,Not disclosed,revenue not disclosed,2026-08-30T10:44:17.634980+00:00
9a00ad40-e428-5057-9b8b-af01ef05e3d6,57ec45a1-9a06-4385-9e42-2d255db54746,fact_article,ART0641,company_name_raw,COMPANY_UNRESOLVED,WARNING,Perplexity AI,company metadata was not joined,2026-08-30T10:44:17.634980+00:00
e38a0eb9-176e-56b7-810c-4a15c42f583c,57ec45a1-9a06-4385-9e42-2d255db54746,fact_article,ART0646,revenue_raw,ARR_MISSING,INFO,N/A,missing revenue,2026-08-30T10:44:17.634980+00:00
5aa236af-aabd-5666-81e2-cb5e9477ecce,57ec45a1-9a06-4385-9e42-2d255db54746,fact_article,ART0646,company_name_raw,COMPANY_UNRESOLVED,WARNING,Hugging Face,company metadata was not joined,2026-08-30T10:44:17.634980+00:00
f478ef65-7656-57c4-a4ca-b3d04f95b9d0,57ec45a1-9a06-4385-9e42-2d255db54746,fact_article,ART0648,company_name_raw,COMPANY_UNRESOLVED,WARNING,xAI,company metadata was not joined,2026-08-30T10:44:17.634980+00:00
67115e48-6bf8-526c-b632-9e6a0a2c02c7,57ec45a1-9a06-4385-9e42-2d255db54746,fact_article,ART0652,published_date_raw,DATE_AMBIGUOUS_POLICY_APPLIED,INFO,12/05/2023,ambiguous numeric date interpreted as MM/DD/YYYY,2026-08-30T10:44:17.634980+00:00
071c73f2-64ec-5caa-9e7e-eb930c0e4fe5,57ec45a1-9a06-4385-9e42-2d255db54746,fact_article,ART0657,published_date_raw,DATE_INVALID,ERROR,07-20-2024,unsupported or invalid date,2026-08-30T10:44:17.634980+00:00
8a32ae11-fae4-5940-a227-95f52c85d361,57ec45a1-9a06-4385-9e42-2d255db54746,fact_article,ART0662,company_name_raw,COMPANY_UNRESOLVED,WARNING,Hugging Face,company metadata was not joined,2026-08-30T10:44:17.634980+00:00
6a8c24cc-9d9c-543c-99f4-94916e7ab584,57ec45a1-9a06-4385-9e42-2d255db54746,fact_article,ART0663,company_name_raw,COMPANY_AMBIGUOUS,WARNING,The Boring Company / SpaceX,company metadata was not joined,2026-08-30T10:44:17.634980+00:00
b0acf76b-39c1-5ff8-8fb0-5a83cca7bdba,57ec45a1-9a06-4385-9e42-2d255db54746,fact_article,ART0664,published_date_raw,DATE_INVALID,ERROR,04-25-2024,unsupported or invalid date,2026-08-30T10:44:17.634980+00:00
c82a5bf9-91ec-5c7a-9897-f78e72015b63,57ec45a1-9a06-4385-9e42-2d255db54746,fact_article,ART0671,published_date_raw,DATE_INVALID,ERROR,09-22-2024,unsupported or invalid date,2026-08-30T10:44:17.634980+00:00
a071d581-8dbf-5bc5-bfb9-06fa54534870,57ec45a1-9a06-4385-9e42-2d255db54746,fact_article,ART0678,published_date_raw,DATE_INVALID,ERROR,04-13-2024,unsupported or invalid date,2026-08-30T10:44:17.634980+00:00
6bd0b1f3-542e-598e-9f68-186f4163c634,57ec45a1-9a06-4385-9e42-2d255db54746,fact_article,ART0685,company_name_raw,COMPANY_UNRESOLVED,WARNING,Mistral AI,company metadata was not joined,2026-08-30T10:44:17.634980+00:00
1ca76464-3b40-5e46-81c1-5604f807a4c3,57ec45a1-9a06-4385-9e42-2d255db54746,fact_article,ART0687,revenue_raw,ARR_UNDISCLOSED,INFO,Not disclosed,revenue not disclosed,2026-08-30T10:44:17.634980+00:00
705b505a-b6b4-57e4-815d-59e0e5abbff2,57ec45a1-9a06-4385-9e42-2d255db54746,fact_article,ART0687,published_date_raw,DATE_AMBIGUOUS_POLICY_APPLIED,INFO,02/10/2023,ambiguous numeric date interpreted as MM/DD/YYYY,2026-08-30T10:44:17.634980+00:00
3cf998b3-a2c6-598c-bb35-f2c2d1e1d2d7,57ec45a1-9a06-4385-9e42-2d255db54746,fact_article,ART0688,company_name_raw,COMPANY_UNRESOLVED,WARNING,Mistral AI,company metadata was not joined,2026-08-30T10:44:17.634980+00:00
7a12530b-6e76-5cf5-bb7d-0a4718993e06,57ec45a1-9a06-4385-9e42-2d255db54746,fact_article,ART0691,company_name_raw,COMPANY_UNRESOLVED,WARNING,Mistral AI,company metadata was not joined,2026-08-30T10:44:17.634980+00:00
5fcabf25-439f-5806-bcd6-0e640bda0e6e,57ec45a1-9a06-4385-9e42-2d255db54746,fact_article,ART0692,company_name_raw,COMPANY_UNRESOLVED,WARNING,Cohere,company metadata was not joined,2026-08-30T10:44:17.634980+00:00
4891962f-239f-5f04-96de-4dfa6d7ea2b6,57ec45a1-9a06-4385-9e42-2d255db54746,fact_article,ART0694,published_date_raw,DATE_AMBIGUOUS_POLICY_APPLIED,INFO,08/11/2024,ambiguous numeric date interpreted as MM/DD/YYYY,2026-08-30T10:44:17.634980+00:00
2249dc11-e75c-5fae-90ac-d6ac73169a0e,57ec45a1-9a06-4385-9e42-2d255db54746,fact_article,ART0699,revenue_raw,ARR_MISSING,INFO,N/A,missing revenue,2026-08-30T10:44:17.634980+00:00
aa998917-44f2-5e39-81c7-180b0e126cc9,57ec45a1-9a06-4385-9e42-2d255db54746,fact_article,ART0706,revenue_raw,ARR_MISSING,INFO,N/A,missing revenue,2026-08-30T10:44:17.634980+00:00
10c3e78d-317b-5026-8dd5-4781eba972e9,57ec45a1-9a06-4385-9e42-2d255db54746,fact_article,ART0708,published_date_raw,DATE_AMBIGUOUS_POLICY_APPLIED,INFO,08/05/2023,ambiguous numeric date interpreted as MM/DD/YYYY,2026-08-30T10:44:17.634980+00:00
fe41f5db-cad9-57e1-886e-8f7569fcf74f,57ec45a1-9a06-4385-9e42-2d255db54746,fact_article,ART0713,published_date_raw,DATE_INVALID,ERROR,01-23-2023,unsupported or invalid date,2026-08-30T10:44:17.634980+00:00
7c939b0e-1778-5d0f-8e26-7490f08c9e01,57ec45a1-9a06-4385-9e42-2d255db54746,fact_article,ART0715,revenue_raw,ARR_MISSING,INFO,N/A,missing revenue,2026-08-30T10:44:17.634980+00:00
24243a7c-25bb-5e9b-904b-f29884304d03,57ec45a1-9a06-4385-9e42-2d255db54746,fact_article,ART0715,company_name_raw,COMPANY_UNRESOLVED,WARNING,Cohere,company metadata was not joined,2026-08-30T10:44:17.634980+00:00
72b69e49-9844-5430-867d-148dae55273a,57ec45a1-9a06-4385-9e42-2d255db54746,fact_article,ART0720,published_date_raw,DATE_INVALID,ERROR,07-28-2024,unsupported or invalid date,2026-08-30T10:44:17.634980+00:00
4713ab78-3533-512a-8a02-b799e6b4a83d,57ec45a1-9a06-4385-9e42-2d255db54746,fact_article,ART0721,revenue_raw,ARR_MISSING,INFO,N/A,missing revenue,2026-08-30T10:44:17.634980+00:00
db796be5-4a8c-5aa0-a41e-5579ecbf6731,57ec45a1-9a06-4385-9e42-2d255db54746,fact_article,ART0722,published_date_raw,DATE_AMBIGUOUS_POLICY_APPLIED,INFO,03/12/2024,ambiguous numeric date interpreted as MM/DD/YYYY,2026-08-30T10:44:17.634980+00:00
ab2d45dd-0800-5bc1-98e5-8ddd9574f2c1,57ec45a1-9a06-4385-9e42-2d255db54746,fact_article,ART0723,revenue_raw,ARR_MISSING,INFO,N/A,missing revenue,2026-08-30T10:44:17.634980+00:00
9e0c6844-96a3-5a7d-b333-cc882119540f,57ec45a1-9a06-4385-9e42-2d255db54746,fact_article,ART0725,revenue_raw,ARR_UNDISCLOSED,INFO,Not disclosed,revenue not disclosed,2026-08-30T10:44:17.634980+00:00
0b7b3d97-3a2a-5817-894b-9cfdd42569c5,57ec45a1-9a06-4385-9e42-2d255db54746,fact_article,ART0727,published_date_raw,DATE_INVALID,ERROR,07-18-2022,unsupported or invalid date,2026-08-30T10:44:17.634980+00:00
90a54caf-8f49-5245-9b1c-507fa91b975a,57ec45a1-9a06-4385-9e42-2d255db54746,fact_article,ART0729,published_date_raw,DATE_AMBIGUOUS_POLICY_APPLIED,INFO,08/11/2023,ambiguous numeric date interpreted as MM/DD/YYYY,2026-08-30T10:44:17.634980+00:00
72182106-6ec9-5a66-ae0f-04bf3c89ace1,57ec45a1-9a06-4385-9e42-2d255db54746,fact_article,ART0734,company_name_raw,COMPANY_AMBIGUOUS,WARNING,The Boring Company / SpaceX,company metadata was not joined,2026-08-30T10:44:17.634980+00:00
9ccc2779-54ec-5241-8775-fb25c5068026,57ec45a1-9a06-4385-9e42-2d255db54746,fact_article,ART0739,revenue_raw,ARR_MISSING,INFO,,missing revenue,2026-08-30T10:44:17.634980+00:00
6566cf88-2a66-5f87-833b-05d732bbaf87,57ec45a1-9a06-4385-9e42-2d255db54746,fact_article,ART0739,company_name_raw,COMPANY_UNRESOLVED,WARNING,xAI,company metadata was not joined,2026-08-30T10:44:17.634980+00:00
50d6b5c1-78a7-5ab2-85e3-17d60868d326,57ec45a1-9a06-4385-9e42-2d255db54746,fact_article,ART0742,revenue_raw,ARR_UNDISCLOSED,INFO,Not disclosed,revenue not disclosed,2026-08-30T10:44:17.634980+00:00
d22f6966-a33c-5262-8623-9963f3367c66,57ec45a1-9a06-4385-9e42-2d255db54746,fact_article,ART0748,published_date_raw,DATE_INVALID,ERROR,11-13-2024,unsupported or invalid date,2026-08-30T10:44:17.634980+00:00
e715427b-e365-5585-ac61-0d598efc670f,57ec45a1-9a06-4385-9e42-2d255db54746,fact_article,ART0749,company_name_raw,COMPANY_UNRESOLVED,WARNING,xAI,company metadata was not joined,2026-08-30T10:44:17.634980+00:00
df7013f4-6f62-5d7a-8acf-6adbc803e1df,57ec45a1-9a06-4385-9e42-2d255db54746,fact_article,ART0750,company_name_raw,COMPANY_UNRESOLVED,WARNING,Cohere,company metadata was not joined,2026-08-30T10:44:17.634980+00:00
